Name,label,start,end,score,need_cut,more
/home/uscc/USAI_Outsourcing/SBIR_fight_videos/ced/v0000_1_070/v0000_1_070,1,10,24,70,,
/home/uscc/USAI_Outsourcing/SBIR_fight_videos/ced/v0001_5_090/v0001_5_090,5,3,25,90,,
/home/uscc/USAI_Outsourcing/SBIR_fight_videos/ced/v0002_2_060/v0002_2_060,2,0,14,60,,
/home/uscc/USAI_Outsourcing/SBIR_fight_videos/ced/v0003_2_020/v0003_2_020,2,11,22,20,,
/home/uscc/USAI_Outsourcing/SBIR_fight_videos/ced/v0004_2_060/v0004_2_060,2,15,27,60,,
/home/uscc/USAI_Outsourcing/SBIR_fight_videos/ced/v0005_4_010/v0005_4_010,4,0,21,10,,
/home/uscc/USAI_Outsourcing/SBIR_fight_videos/ced/v0006_5_090/v0006_5_090,5,6,28,90,,
/home/uscc/USAI_Outsourcing/SBIR_fight_videos/ced/v0007_5_130/v0007_5_130,5,0,20,130,,
/home/uscc/USAI_Outsourcing/SBIR_fight_videos/ced/v0008_1_010/v0008_1_010,1,0,25,10,,
/home/uscc/USAI_Outsourcing/SBIR_fight_videos/ced/v0009_2_030/v0009_2_030,2,17,20,30,,
/home/uscc/USAI_Outsourcing/SBIR_fight_videos/ced/v0010_5_080/v0010_5_080,5,0,4,80,,
/home/uscc/USAI_Outsourcing/SBIR_fight_videos/ced/v0011_3_100/v0011_3_100,3,15,28,100,,
/home/uscc/USAI_Outsourcing/SBIR_fight_videos/ced/v0012_5_070/v0012_5_070,5,0,30,70,,
/home/uscc/USAI_Outsourcing/SBIR_fight_videos/ced/v0013_1_010/v0013_1_010,1,0,25,10,,
/home/uscc/USAI_Outsourcing/SBIR_fight_videos/ced/v0014_5_130/v0014_5_130,5,16,21,130,,
/home/uscc/USAI_Outsourcing/SBIR_fight_videos/ced/v0015_5_130/v0015_5_130,5,3,10,130,,
/home/uscc/USAI_Outsourcing/SBIR_fight_videos/ced/v0016_5_130/v0016_5_130,5,0,14,130,,
/home/uscc/USAI_Outsourcing/SBIR_fight_videos/ced/v0017_1_070/v0017_1_070,1,7,15,70,,
/home/uscc/USAI_Outsourcing/SBIR_fight_videos/ced/v0018_1_070/v0018_1_070,1,0,10,70,,
/home/uscc/USAI_Outsourcing/SBIR_fight_videos/ced/v0019_2_120/v0019_2_120,2,4,25,120,,
/home/uscc/USAI_Outsourcing/SBIR_fight_videos/ced/v0020_1_010/v0020_1_010,1,0,17,10,,
/home/uscc/USAI_Outsourcing/SBIR_fight_videos/ced/v0021_4_040/v0021_4_040,4,5,16,40,,
/home/uscc/USAI_Outsourcing/SBIR_fight_videos/ced/v0022_1_030/v0022_1_030,1,0,14,30,,
/home/uscc/USAI_Outsourcing/SBIR_fight_videos/ced/v0023_0_000/v0023_0_000,0,0,13,0,,
/home/uscc/USAI_Outsourcing/SBIR_fight_videos/ced/v0024_2_120/v0024_2_120,2,3,10,120,,
/home/uscc/USAI_Outsourcing/SBIR_fight_videos/ced/v0025_2_120/v0025_2_120,2,0,6,120,,
/home/uscc/USAI_Outsourcing/SBIR_fight_videos/ced/v0026_2_060/v0026_2_060,2,0,9,60,,
/home/uscc/USAI_Outsourcing/SBIR_fight_videos/ced/v0027_2_020/v0027_2_020,2,4,12,20,,
/home/uscc/USAI_Outsourcing/SBIR_fight_videos/ced/v0028_2_020/v0028_2_020,2,9,20,20,,
/home/uscc/USAI_Outsourcing/SBIR_fight_videos/ced/v0029_6_150/v0029_6_150,6,0,15,150,,
/home/uscc/USAI_Outsourcing/SBIR_fight_videos/ced/v0030_6_150/v0030_6_150,6,0,10,150,,
/home/uscc/USAI_Outsourcing/SBIR_fight_videos/ced/v0031_5_140/v0031_5_140,5,2,12,140,,
/home/uscc/USAI_Outsourcing/SBIR_fight_videos/ced/v0032_0_000/v0032_0_000,0,0,12,0,,
/home/uscc/USAI_Outsourcing/SBIR_fight_videos/ced/v0033_5_070/v0033_5_070,5,4,12,70,,
/home/uscc/USAI_Outsourcing/SBIR_fight_videos/ced/v0034_3_160/v0034_3_160,3,5,9,160,,
/home/uscc/USAI_Outsourcing/SBIR_fight_videos/ced/v0035_5_120/v0035_5_120,5,0,14,120,,
/home/uscc/USAI_Outsourcing/SBIR_fight_videos/ced/v0036_4_050/v0036_4_050,4,0,15,50,,
/home/uscc/USAI_Outsourcing/SBIR_fight_videos/ced/v0037_0_000/v0037_0_000,0,0,9,0,,
/home/uscc/USAI_Outsourcing/SBIR_fight_videos/ced/v0038_2_020/v0038_2_020,2,0,12,20,,
/home/uscc/USAI_Outsourcing/SBIR_fight_videos/ced/v0039_2_080/v0039_2_080,2,16,21,80,,
/home/uscc/USAI_Outsourcing/SBIR_fight_videos/ced/v0040_5_140/v0040_5_140,5,3,10,140,,
/home/uscc/USAI_Outsourcing/SBIR_fight_videos/ced/v0041_5_140/v0041_5_140,5,4,9,140,,
/home/uscc/USAI_Outsourcing/SBIR_fight_videos/ced/v0042_2_080/v0042_2_080,2,10,14,80,,
/home/uscc/USAI_Outsourcing/SBIR_fight_videos/ced/v0043_0_000/v0043_0_000,0,0,9,0,,
/home/uscc/USAI_Outsourcing/SBIR_fight_videos/ced/v0044_0_000/v0044_0_000,0,0,15,0,,
/home/uscc/USAI_Outsourcing/SBIR_fight_videos/ced/v0045_5_110/v0045_5_110,5,1,4,110,,
/home/uscc/USAI_Outsourcing/SBIR_fight_videos/ced/v0046_5_110/v0046_5_110,5,0,7,110,,
/home/uscc/USAI_Outsourcing/SBIR_fight_videos/ced/v0047_0_000/v0047_0_000,0,0,10,0,,
/home/uscc/USAI_Outsourcing/SBIR_fight_videos/ced/v0058_2_020/v0058_2_020,2,1,10,20,,
/home/uscc/USAI_Outsourcing/SBIR_fight_videos/ced/v0059_1_010/v0059_1_010,1,0,10,10,,
/home/uscc/USAI_Outsourcing/SBIR_fight_videos/ced/v0060_2_050/v0060_2_050,2,2,4,50,,
/home/uscc/USAI_Outsourcing/SBIR_fight_videos/ced/v0061_2_110/v0061_2_110,2,0,3,110,,
/home/uscc/USAI_Outsourcing/SBIR_fight_videos/ced/v0064_0_000/v0064_0_000,0,0,7,0,,
/home/uscc/USAI_Outsourcing/SBIR_fight_videos/ced/v0065_0_000/v0065_0_000,0,0,10,0,,
/home/uscc/USAI_Outsourcing/SBIR_fight_videos/ced/v0066_6_160/v0066_6_160,6,4,6,160,,
/home/uscc/USAI_Outsourcing/SBIR_fight_videos/ced/v0071_2_060/v0071_2_060,2,0,13,60,,
/home/uscc/USAI_Outsourcing/SBIR_fight_videos/ced/v0073_2_020/v0073_2_020,2,0,10,20,,
/home/uscc/USAI_Outsourcing/SBIR_fight_videos/ced/v0081_5_100/v0081_5_100,5,6,10,100,,
/home/uscc/USAI_Outsourcing/SBIR_fight_videos/ced/v0082_0_000/v0082_0_000,0,0,10,0,,
/home/uscc/USAI_Outsourcing/SBIR_fight_videos/ced/v0084_5_080/v0084_5_080,5,3,15,80,,
/home/uscc/USAI_Outsourcing/SBIR_fight_videos/ced/v0097_0_000/v0097_0_000,0,0,13,0,,
/home/uscc/USAI_Outsourcing/SBIR_fight_videos/ced/v0098_0_000/v0098_0_000,0,0,11,0,,
/home/uscc/USAI_Outsourcing/SBIR_fight_videos/ced/v0099_5_170/v0099_5_170,5,3,15,170,,
/home/uscc/USAI_Outsourcing/SBIR_fight_videos/ced/v0100_1_010/v0100_1_010,1,11,20,10,,
/home/uscc/USAI_Outsourcing/SBIR_fight_videos/ced/v0101_1_010/v0101_1_010,1,11,20,10,,
/home/uscc/USAI_Outsourcing/SBIR_fight_videos/ced/v0102_1_010/v0102_1_010,1,0,6,10,,
/home/uscc/USAI_Outsourcing/SBIR_fight_videos/ced/v0103_0_000/v0103_0_000,0,0,9,0,,
/home/uscc/USAI_Outsourcing/SBIR_fight_videos/ced/v0104_1_010/v0104_1_010,1,5,10,10,,
/home/uscc/USAI_Outsourcing/SBIR_fight_videos/ced/v0105_5_130/v0105_5_130,5,5,15,130,,
/home/uscc/USAI_Outsourcing/SBIR_fight_videos/ced/v0106_0_000/v0106_0_000,0,0,10,0,,
/home/uscc/USAI_Outsourcing/SBIR_fight_videos/ced/v0107_1_010/v0107_1_010,1,0,5,10,,
/home/uscc/USAI_Outsourcing/SBIR_fight_videos/ced/v0108_1_010/v0108_1_010,1,11,20,10,,
/home/uscc/USAI_Outsourcing/SBIR_fight_videos/ced/v0109_0_000/v0109_0_000,0,0,10,0,,
/home/uscc/USAI_Outsourcing/SBIR_fight_videos/ced/v0110_1_010/v0110_1_010,1,0,8,10,,
/home/uscc/USAI_Outsourcing/SBIR_fight_videos/ced/v0111_2_090/v0111_2_090,2,3,8,90,,
/home/uscc/USAI_Outsourcing/SBIR_fight_videos/ced/v0112_1_010/v0112_1_010,1,0,12,10,,
/home/uscc/USAI_Outsourcing/SBIR_fight_videos/ced/v0113_1_010/v0113_1_010,1,0,15,10,,
/home/uscc/USAI_Outsourcing/SBIR_fight_videos/ced/v0114_2_020/v0114_2_020,2,3,8,20,,
/home/uscc/USAI_Outsourcing/SBIR_fight_videos/ced/v0115_0_000/v0115_0_000,0,0,13,0,,
/home/uscc/USAI_Outsourcing/SBIR_fight_videos/ced/v0116_0_000/v0116_0_000,0,0,11,0,,
/home/uscc/USAI_Outsourcing/SBIR_fight_videos/ced/v0117_0_000/v0117_0_000,0,11,19,0,,
/home/uscc/USAI_Outsourcing/SBIR_fight_videos/ced/v0118_0_000/v0118_0_000,0,0,14,0,,
/home/uscc/USAI_Outsourcing/SBIR_fight_videos/ced/v0119_0_000/v0119_0_000,0,0,10,0,,
/home/uscc/USAI_Outsourcing/SBIR_fight_videos/ced/v0120_0_000/v0120_0_000,0,0,10,0,,
/home/uscc/USAI_Outsourcing/SBIR_fight_videos/ced/v0121_1_010/v0121_1_010,1,0,11,10,,
/home/uscc/USAI_Outsourcing/SBIR_fight_videos/ced/v0122_1_010/v0122_1_010,1,0,12,10,,
/home/uscc/USAI_Outsourcing/SBIR_fight_videos/ced/v0123_1_010/v0123_1_010,1,0,10,10,,
/home/uscc/USAI_Outsourcing/SBIR_fight_videos/ced/v0124_2_020/v0124_2_020,2,6,13,20,,
/home/uscc/USAI_Outsourcing/SBIR_fight_videos/ced/v0125_2_020/v0125_2_020,2,0,4,20,,
/home/uscc/USAI_Outsourcing/SBIR_fight_videos/ced/v0126_0_000/v0126_0_000,0,0,11,0,,
/home/uscc/USAI_Outsourcing/SBIR_fight_videos/ced/v0127_1_010/v0127_1_010,1,0,14,10,,
/home/uscc/USAI_Outsourcing/SBIR_fight_videos/ced/v0128_0_000/v0128_0_000,0,0,13,0,,
/home/uscc/USAI_Outsourcing/SBIR_fight_videos/ced/v0129_2_030/v0129_2_030,2,7,15,30,,
/home/uscc/USAI_Outsourcing/SBIR_fight_videos/ced/v0130_0_000/v0130_0_000,0,0,12,0,,
/home/uscc/USAI_Outsourcing/SBIR_fight_videos/ced/v0131_1_010/v0131_1_010,1,0,9,10,,
/home/uscc/USAI_Outsourcing/SBIR_fight_videos/ced/v0132_1_010/v0132_1_010,1,0,10,10,,
/home/uscc/USAI_Outsourcing/SBIR_fight_videos/ced/v0133_1_070/v0133_1_070,1,11,21,70,,
/home/uscc/USAI_Outsourcing/SBIR_fight_videos/ced/v0134_1_010/v0134_1_010,1,0,15,10,,
/home/uscc/USAI_Outsourcing/SBIR_fight_videos/ced/v0135_1_010/v0135_1_010,1,0,17,10,,
/home/uscc/USAI_Outsourcing/SBIR_fight_videos/ced/v0136_1_010/v0136_1_010,1,0,7,10,,
/home/uscc/USAI_Outsourcing/SBIR_fight_videos/ced/v0137_1_010/v0137_1_010,1,0,10,10,,
/home/uscc/USAI_Outsourcing/SBIR_fight_videos/ced/v0138_1_070/v0138_1_070,1,0,10,70,,
/home/uscc/USAI_Outsourcing/SBIR_fight_videos/ced/v0139_1_070/v0139_1_070,1,0,12,70,,
/home/uscc/USAI_Outsourcing/SBIR_fight_videos/ced/v0140_1_010/v0140_1_010,1,0,10,10,,
/home/uscc/USAI_Outsourcing/SBIR_fight_videos/ced/v0142_0_000/v0142_0_000,0,0,10,0,,
/home/uscc/USAI_Outsourcing/SBIR_fight_videos/ced/v0144_0_000/v0144_0_000,0,0,10,0,,
/home/uscc/USAI_Outsourcing/SBIR_fight_videos/ced/v0145_2_020/v0145_2_020,2,6,12,20,,
/home/uscc/USAI_Outsourcing/SBIR_fight_videos/ced/v0146_2_020/v0146_2_020,2,5,15,20,,
/home/uscc/USAI_Outsourcing/SBIR_fight_videos/ced/v0147_1_010/v0147_1_010,1,3,10,10,,
/home/uscc/USAI_Outsourcing/SBIR_fight_videos/ced/v0148_1_010/v0148_1_010,1,1,14,10,,
/home/uscc/USAI_Outsourcing/SBIR_fight_videos/ced/v0149_2_020/v0149_2_020,2,0,10,20,,
/home/uscc/USAI_Outsourcing/SBIR_fight_videos/ced/v0150_1_010/v0150_1_010,1,11,20,10,,
/home/uscc/USAI_Outsourcing/SBIR_fight_videos/ced/v0151_0_000/v0151_0_000,0,11,20,0,,
/home/uscc/USAI_Outsourcing/SBIR_fight_videos/ced/v0152_0_000/v0152_0_000,0,0,10,0,,
/home/uscc/USAI_Outsourcing/SBIR_fight_videos/ced/v0153_2_020/v0153_2_020,2,0,2,20,,
/home/uscc/USAI_Outsourcing/SBIR_fight_videos/ced/v0154_0_000/v0154_0_000,0,0,10,0,,
/home/uscc/USAI_Outsourcing/SBIR_fight_videos/ced/v0155_0_000/v0155_0_000,0,0,10,0,,
/home/uscc/USAI_Outsourcing/SBIR_fight_videos/ced/v0156_2_020/v0156_2_020,2,6,12,20,,
/home/uscc/USAI_Outsourcing/SBIR_fight_videos/ced/v0157_1_010/v0157_1_010,1,11,20,10,,
/home/uscc/USAI_Outsourcing/SBIR_fight_videos/ced/v0158_2_020/v0158_2_020,2,3,11,20,,
/home/uscc/USAI_Outsourcing/SBIR_fight_videos/ced/v0159_3_110/v0159_3_110,3,0,4,110,,
/home/uscc/USAI_Outsourcing/SBIR_fight_videos/ced/v0160_0_000/v0160_0_000,0,0,10,0,,
/home/uscc/USAI_Outsourcing/SBIR_fight_videos/ced/v0161_5_130/v0161_5_130,5,2,11,130,,
/home/uscc/USAI_Outsourcing/SBIR_fight_videos/ced/v0162_1_010/v0162_1_010,1,2,15,10,,
/home/uscc/USAI_Outsourcing/SBIR_fight_videos/ced/v0163_1_010/v0163_1_010,1,0,9,10,,
/home/uscc/USAI_Outsourcing/SBIR_fight_videos/ced/v0164_0_000/v0164_0_000,0,0,10,0,,
/home/uscc/USAI_Outsourcing/SBIR_fight_videos/ced/v0166_1_010/v0166_1_010,1,3,12,10,,
/home/uscc/USAI_Outsourcing/SBIR_fight_videos/ced/v0167_1_010/v0167_1_010,1,0,10,10,,
/home/uscc/USAI_Outsourcing/SBIR_fight_videos/ced/v0168_0_000/v0168_0_000,0,0,10,0,,
/home/uscc/USAI_Outsourcing/SBIR_fight_videos/ced/v0169_2_060/v0169_2_060,2,0,7,60,,
/home/uscc/USAI_Outsourcing/SBIR_fight_videos/ced/v0170_3_120/v0170_3_120,3,7,10,120,,
/home/uscc/USAI_Outsourcing/SBIR_fight_videos/ced/v0171_0_000/v0171_0_000,0,0,11,0,,
/home/uscc/USAI_Outsourcing/SBIR_fight_videos/ced/v0172_0_000/v0172_0_000,0,0,10,0,,
/home/uscc/USAI_Outsourcing/SBIR_fight_videos/ced/v0173_1_010/v0173_1_010,1,0,10,10,,
/home/uscc/USAI_Outsourcing/SBIR_fight_videos/ced/v0174_1_010/v0174_1_010,1,0,10,10,,
/home/uscc/USAI_Outsourcing/SBIR_fight_videos/ced/v0175_6_150/v0175_6_150,6,3,15,150,,
/home/uscc/USAI_Outsourcing/SBIR_fight_videos/ced/v0176_5_140/v0176_5_140,5,0,10,140,,
/home/uscc/USAI_Outsourcing/SBIR_fight_videos/ced/v0177_1_010/v0177_1_010,1,0,13,10,,
/home/uscc/USAI_Outsourcing/SBIR_fight_videos/ced/v0178_1_010/v0178_1_010,1,0,11,10,,
/home/uscc/USAI_Outsourcing/SBIR_fight_videos/ced/v0179_1_010/v0179_1_010,1,11,20,10,,
/home/uscc/USAI_Outsourcing/SBIR_fight_videos/ced/v0180_5_070/v0180_5_070,5,11,20,70,,
/home/uscc/USAI_Outsourcing/SBIR_fight_videos/ced/v0181_5_070/v0181_5_070,5,0,18,70,,
/home/uscc/USAI_Outsourcing/SBIR_fight_videos/ced/v0182_0_000/v0182_0_000,0,0,10,0,,
/home/uscc/USAI_Outsourcing/SBIR_fight_videos/ced/v0183_2_030/v0183_2_030,2,4,20,30,,
/home/uscc/USAI_Outsourcing/SBIR_fight_videos/ced/v0184_5_070/v0184_5_070,5,0,10,70,,
/home/uscc/USAI_Outsourcing/SBIR_fight_videos/ced/v0185_1_010/v0185_1_010,1,0,10,10,,
/home/uscc/USAI_Outsourcing/SBIR_fight_videos/ced/v0186_2_020/v0186_2_020,2,0,8,20,,
/home/uscc/USAI_Outsourcing/SBIR_fight_videos/ced/v0187_2_030/v0187_2_030,2,4,20,30,,
/home/uscc/USAI_Outsourcing/SBIR_fight_videos/ced/v0188_2_030/v0188_2_030,2,4,14,30,,
/home/uscc/USAI_Outsourcing/SBIR_fight_videos/ced/v0190_5_080/v0190_5_080,5,0,10,80,,
/home/uscc/USAI_Outsourcing/SBIR_fight_videos/ced/v0192_5_130/v0192_5_130,5,0,10,130,,
/home/uscc/USAI_Outsourcing/SBIR_fight_videos/ced/v0193_0_000/v0193_0_000,0,0,10,0,,
/home/uscc/USAI_Outsourcing/SBIR_fight_videos/ced/v0194_0_000/v0194_0_000,0,0,10,0,,
/home/uscc/USAI_Outsourcing/SBIR_fight_videos/ced/v0196_0_000/v0196_0_000,0,0,10,0,,
/home/uscc/USAI_Outsourcing/SBIR_fight_videos/ced/v0198_2_020/v0198_2_020,2,6,16,20,,
/home/uscc/USAI_Outsourcing/SBIR_fight_videos/ced/v0200_2_020/v0200_2_020,2,0,15,20,,
/home/uscc/USAI_Outsourcing/SBIR_fight_videos/ced/v0202_1_040/v0202_1_040,1,0,10,40,,
/home/uscc/USAI_Outsourcing/SBIR_fight_videos/ced/v0203_2_020/v0203_2_020,2,0,12,20,,
/home/uscc/USAI_Outsourcing/SBIR_fight_videos/ced/v0204_0_000/v0204_0_000,0,0,10,0,,
/home/uscc/USAI_Outsourcing/SBIR_fight_videos/ced/v0205_1_010/v0205_1_010,1,11,22,10,,
/home/uscc/USAI_Outsourcing/SBIR_fight_videos/ced/v0206_0_000/v0206_0_000,0,0,10,0,,
/home/uscc/USAI_Outsourcing/SBIR_fight_videos/ced/v0207_1_010/v0207_1_010,1,0,15,10,,
/home/uscc/USAI_Outsourcing/SBIR_fight_videos/ced/v0208_0_000/v0208_0_000,0,0,12,0,,
/home/uscc/USAI_Outsourcing/SBIR_fight_videos/ced/v0209_1_010/v0209_1_010,1,0,10,10,,
/home/uscc/USAI_Outsourcing/SBIR_fight_videos/ced/v0210_1_010/v0210_1_010,1,0,15,10,,
/home/uscc/USAI_Outsourcing/SBIR_fight_videos/ced/v0211_1_010/v0211_1_010,1,0,5,10,,
/home/uscc/USAI_Outsourcing/SBIR_fight_videos/ced/v0212_2_020/v0212_2_020,2,0,10,20,,
/home/uscc/USAI_Outsourcing/SBIR_fight_videos/ced/v0213_0_000/v0213_0_000,0,0,5,0,,
/home/uscc/USAI_Outsourcing/SBIR_fight_videos/ced/v0214_1_010/v0214_1_010,1,0,15,10,,
/home/uscc/USAI_Outsourcing/SBIR_fight_videos/ced/v0215_0_000/v0215_0_000,0,0,10,0,,
/home/uscc/USAI_Outsourcing/SBIR_fight_videos/ced/v0216_4_060/v0216_4_060,4,0,20,60,,
/home/uscc/USAI_Outsourcing/SBIR_fight_videos/ced/v0217_0_000/v0217_0_000,0,0,10,0,,
/home/uscc/USAI_Outsourcing/SBIR_fight_videos/ced/v0218_1_010/v0218_1_010,1,0,14,10,,
/home/uscc/USAI_Outsourcing/SBIR_fight_videos/ced/v0219_1_010/v0219_1_010,1,0,10,10,,
/home/uscc/USAI_Outsourcing/SBIR_fight_videos/ced/v0220_1_010/v0220_1_010,1,0,15,10,,
/home/uscc/USAI_Outsourcing/SBIR_fight_videos/ced/v0221_2_030/v0221_2_030,2,11,20,30,,
/home/uscc/USAI_Outsourcing/SBIR_fight_videos/ced/v0223_2_030/v0223_2_030,2,0,9,30,,
/home/uscc/USAI_Outsourcing/SBIR_fight_videos/ced/v0224_2_030/v0224_2_030,2,6,10,30,,
/home/uscc/USAI_Outsourcing/SBIR_fight_videos/ced/v0226_0_000/v0226_0_000,0,0,10,0,,
/home/uscc/USAI_Outsourcing/SBIR_fight_videos/ced/v0227_1_010/v0227_1_010,1,0,14,10,,
/home/uscc/USAI_Outsourcing/SBIR_fight_videos/ced/v0228_0_000/v0228_0_000,0,0,10,0,,
/home/uscc/USAI_Outsourcing/SBIR_fight_videos/ced/v0229_4_060/v0229_4_060,4,0,15,60,,
/home/uscc/USAI_Outsourcing/SBIR_fight_videos/ced/v0230_4_060/v0230_4_060,4,0,10,60,,
/home/uscc/USAI_Outsourcing/SBIR_fight_videos/ced/v0231_5_070/v0231_5_070,5,3,13,70,,
/home/uscc/USAI_Outsourcing/SBIR_fight_videos/ced/v0232_1_030/v0232_1_030,1,0,11,30,,
/home/uscc/USAI_Outsourcing/SBIR_fight_videos/ced/v0279_1_010/v0279_1_010,1,0,20,10,,
/home/uscc/USAI_Outsourcing/SBIR_fight_videos/ced/v0280_3_060/v0280_3_060,3,10,15,60,,
/home/uscc/USAI_Outsourcing/SBIR_fight_videos/ced/v0281_1_010/v0281_1_010,1,0,10,10,,
/home/uscc/USAI_Outsourcing/SBIR_fight_videos/ced/v0282_1_010/v0282_1_010,1,0,10,10,,
/home/uscc/USAI_Outsourcing/SBIR_fight_videos/ced/v0283_2_070/v0283_2_070,2,12,20,70,,
/home/uscc/USAI_Outsourcing/SBIR_fight_videos/ced/v0284_0_000/v0284_0_000,0,0,15,0,,
/home/uscc/USAI_Outsourcing/SBIR_fight_videos/ced/v0285_1_010/v0285_1_010,1,0,15,10,,
/home/uscc/USAI_Outsourcing/SBIR_fight_videos/ced/v0286_2_120/v0286_2_120,2,0,12,120,,
/home/uscc/USAI_Outsourcing/SBIR_fight_videos/ced/v0287_1_010/v0287_1_010,1,0,14,10,,
/home/uscc/USAI_Outsourcing/SBIR_fight_videos/ced/v0288_6_100/v0288_6_100,6,2,6,100,,
/home/uscc/USAI_Outsourcing/SBIR_fight_videos/ced/v0289_5_120/v0289_5_120,5,7,15,120,,
/home/uscc/USAI_Outsourcing/SBIR_fight_videos/ced/v0290_6_150/v0290_6_150,6,0,18,150,,
/home/uscc/USAI_Outsourcing/SBIR_fight_videos/ced/v0291_1_010/v0291_1_010,1,0,20,10,,
/home/uscc/USAI_Outsourcing/SBIR_fight_videos/ced/v0292_2_030/v0292_2_030,2,0,17,30,,
/home/uscc/USAI_Outsourcing/SBIR_fight_videos/ced/v0293_2_030/v0293_2_030,2,4,10,30,,
/home/uscc/USAI_Outsourcing/SBIR_fight_videos/ced/v0294_4_060/v0294_4_060,4,0,15,60,,
/home/uscc/USAI_Outsourcing/SBIR_fight_videos/ced/v0295_2_030/v0295_2_030,2,3,10,30,,
/home/uscc/USAI_Outsourcing/SBIR_fight_videos/ced/v0296_1_010/v0296_1_010,1,0,15,10,,
/home/uscc/USAI_Outsourcing/SBIR_fight_videos/ced/v0297_2_030/v0297_2_030,2,3,11,30,,
/home/uscc/USAI_Outsourcing/SBIR_fight_videos/ced/v0298_2_030/v0298_2_030,2,0,7,30,,
/home/uscc/USAI_Outsourcing/SBIR_fight_videos/ced/v0299_4_060/v0299_4_060,4,0,10,60,,
/home/uscc/USAI_Outsourcing/SBIR_fight_videos/ced/v0300_5_120/v0300_5_120,5,3,12,120,,
/home/uscc/USAI_Outsourcing/SBIR_fight_videos/ced/v0301_5_120/v0301_5_120,5,0,14,120,,
/home/uscc/USAI_Outsourcing/SBIR_fight_videos/ced/v0302_2_020/v0302_2_020,2,10,14,20,,
/home/uscc/USAI_Outsourcing/SBIR_fight_videos/ced/v0303_1_010/v0303_1_010,1,0,15,10,,
/home/uscc/USAI_Outsourcing/SBIR_fight_videos/ced/v0304_1_010/v0304_1_010,1,7,20,10,,
/home/uscc/USAI_Outsourcing/SBIR_fight_videos/ced/v0305_1_010/v0305_1_010,1,0,15,10,,
/home/uscc/USAI_Outsourcing/SBIR_fight_videos/ced/v0306_1_010/v0306_1_010,1,0,15,10,,
/home/uscc/USAI_Outsourcing/SBIR_fight_videos/ced/v0307_5_080/v0307_5_080,5,5,15,80,,
/home/uscc/USAI_Outsourcing/SBIR_fight_videos/ced/v0308_1_010/v0308_1_010,1,0,13,10,,
/home/uscc/USAI_Outsourcing/SBIR_fight_videos/ced/v0309_1_010/v0309_1_010,1,0,12,10,,
/home/uscc/USAI_Outsourcing/SBIR_fight_videos/ced/v0310_1_010/v0310_1_010,1,5,15,10,,
/home/uscc/USAI_Outsourcing/SBIR_fight_videos/ced/v0311_1_010/v0311_1_010,1,0,20,10,,
/home/uscc/USAI_Outsourcing/SBIR_fight_videos/ced/v0312_1_010/v0312_1_010,1,0,15,10,,
/home/uscc/USAI_Outsourcing/SBIR_fight_videos/ced/v0313_1_010/v0313_1_010,1,0,15,10,,
/home/uscc/USAI_Outsourcing/SBIR_fight_videos/ced/v0314_2_020/v0314_2_020,2,7,10,20,,
/home/uscc/USAI_Outsourcing/SBIR_fight_videos/ced/v0315_5_080/v0315_5_080,5,0,12,80,,
/home/uscc/USAI_Outsourcing/SBIR_fight_videos/ced/v0316_4_060/v0316_4_060,4,0,10,60,,
/home/uscc/USAI_Outsourcing/SBIR_fight_videos/ced/v0317_1_010/v0317_1_010,1,0,10,10,,
/home/uscc/USAI_Outsourcing/SBIR_fight_videos/ced/v0318_2_030/v0318_2_030,2,3,18,30,,
/home/uscc/USAI_Outsourcing/SBIR_fight_videos/ced/v0319_1_010/v0319_1_010,1,0,15,10,,
/home/uscc/USAI_Outsourcing/SBIR_fight_videos/ced/v0320_2_030/v0320_2_030,2,0,10,30,,
/home/uscc/USAI_Outsourcing/SBIR_fight_videos/ced/v0321_6_210/v0321_6_210,6,0,10,210,,
/home/uscc/USAI_Outsourcing/SBIR_fight_videos/ced/v0322_6_210/v0322_6_210,6,3,8,210,,
/home/uscc/USAI_Outsourcing/SBIR_fight_videos/ced/v0323_6_200/v0323_6_200,6,0,10,200,,
/home/uscc/USAI_Outsourcing/SBIR_fight_videos/ced/v0324_2_020/v0324_2_020,2,0,10,20,,
/home/uscc/USAI_Outsourcing/SBIR_fight_videos/ced/v0325_5_070/v0325_5_070,5,0,3,70,,
/home/uscc/USAI_Outsourcing/SBIR_fight_videos/ced/v0326_4_060/v0326_4_060,4,3,6,60,,
/home/uscc/USAI_Outsourcing/SBIR_fight_videos/ced/v0327_6_100/v0327_6_100,6,2,10,100,,
/home/uscc/USAI_Outsourcing/SBIR_fight_videos/ced/v0328_5_080/v0328_5_080,5,3,9,80,,
/home/uscc/USAI_Outsourcing/SBIR_fight_videos/ced/v0329_5_080/v0329_5_080,5,0,10,80,,
/home/uscc/USAI_Outsourcing/SBIR_fight_videos/ced/v0330_2_020/v0330_2_020,2,2,8,20,,
/home/uscc/USAI_Outsourcing/SBIR_fight_videos/ced/v0331_2_020/v0331_2_020,2,0,9,20,,
/home/uscc/USAI_Outsourcing/SBIR_fight_videos/ced/v0332_2_030/v0332_2_030,2,1,12,30,,
/home/uscc/USAI_Outsourcing/SBIR_fight_videos/ced/v0333_1_010/v0333_1_010,1,4,10,10,,
/home/uscc/USAI_Outsourcing/SBIR_fight_videos/ced/v0334_1_010/v0334_1_010,1,4,10,10,,
/home/uscc/USAI_Outsourcing/SBIR_fight_videos/ced/v0335_5_070/v0335_5_070,5,0,10,70,,
/home/uscc/USAI_Outsourcing/SBIR_fight_videos/ced/v0336_1_010/v0336_1_010,1,0,10,10,,
/home/uscc/USAI_Outsourcing/SBIR_fight_videos/ced/v0337_2_020/v0337_2_020,2,4,9,20,,
/home/uscc/USAI_Outsourcing/SBIR_fight_videos/ced/v0338_2_030/v0338_2_030,2,2,5,30,,
/home/uscc/USAI_Outsourcing/SBIR_fight_videos/ced/v0339_5_080/v0339_5_080,5,0,14,80,,
/home/uscc/USAI_Outsourcing/SBIR_fight_videos/ced/v0340_1_010/v0340_1_010,1,0,10,10,,
/home/uscc/USAI_Outsourcing/SBIR_fight_videos/ced/v0341_1_010/v0341_1_010,1,0,10,10,,
/home/uscc/USAI_Outsourcing/SBIR_fight_videos/ced/v0342_2_020/v0342_2_020,2,0,10,20,,
/home/uscc/USAI_Outsourcing/SBIR_fight_videos/ced/v0343_5_070/v0343_5_070,5,2,11,70,,
/home/uscc/USAI_Outsourcing/SBIR_fight_videos/ced/v0344_2_030/v0344_2_030,2,6,10,30,,
/home/uscc/USAI_Outsourcing/SBIR_fight_videos/ced/v0345_5_070/v0345_5_070,5,0,15,70,,
/home/uscc/USAI_Outsourcing/SBIR_fight_videos/ced/v0346_1_010/v0346_1_010,1,0,11,10,,
/home/uscc/USAI_Outsourcing/SBIR_fight_videos/ced/v0347_2_030/v0347_2_030,2,5,10,30,,
/home/uscc/USAI_Outsourcing/SBIR_fight_videos/ced/v0348_1_010/v0348_1_010,1,0,9,10,,
/home/uscc/USAI_Outsourcing/SBIR_fight_videos/ced/v0349_1_010/v0349_1_010,1,0,10,10,,
/home/uscc/USAI_Outsourcing/SBIR_fight_videos/ced/v0350_2_030/v0350_2_030,2,0,9,30,,
/home/uscc/USAI_Outsourcing/SBIR_fight_videos/ced/v0351_2_020/v0351_2_020,2,0,8,20,,
/home/uscc/USAI_Outsourcing/SBIR_fight_videos/ced/v0352_5_170/v0352_5_170,5,0,10,170,,
/home/uscc/USAI_Outsourcing/SBIR_fight_videos/ced/v0353_1_010/v0353_1_010,1,0,15,10,,
/home/uscc/USAI_Outsourcing/SBIR_fight_videos/ced/v0354_1_010/v0354_1_010,1,0,13,10,,
/home/uscc/USAI_Outsourcing/SBIR_fight_videos/ced/v0355_1_010/v0355_1_010,1,0,11,10,,
/home/uscc/USAI_Outsourcing/SBIR_fight_videos/ced/v0356_5_060/v0356_5_060,5,0,12,60,,
/home/uscc/USAI_Outsourcing/SBIR_fight_videos/ced/v0357_1_010/v0357_1_010,1,0,10,10,,
/home/uscc/USAI_Outsourcing/SBIR_fight_videos/ced/v0358_1_010/v0358_1_010,1,0,13,10,,
/home/uscc/USAI_Outsourcing/SBIR_fight_videos/ced/v0359_1_010/v0359_1_010,1,0,10,10,,
/home/uscc/USAI_Outsourcing/SBIR_fight_videos/ced/v0360_2_030/v0360_2_030,2,2,13,30,,
/home/uscc/USAI_Outsourcing/SBIR_fight_videos/ced/v0361_1_010/v0361_1_010,1,0,10,10,,
/home/uscc/USAI_Outsourcing/SBIR_fight_videos/ced/v0362_1_010/v0362_1_010,1,0,15,10,,
/home/uscc/USAI_Outsourcing/SBIR_fight_videos/ced/v0363_3_100/v0363_3_100,3,0,15,100,,
/home/uscc/USAI_Outsourcing/SBIR_fight_videos/ced/v0364_3_100/v0364_3_100,3,2,6,100,,
/home/uscc/USAI_Outsourcing/SBIR_fight_videos/ced/v0365_5_110/v0365_5_110,5,0,10,110,,
/home/uscc/USAI_Outsourcing/SBIR_fight_videos/ced/v0366_4_060/v0366_4_060,4,0,8,60,,
/home/uscc/USAI_Outsourcing/SBIR_fight_videos/ced/v0367_2_030/v0367_2_030,2,4,8,30,,
/home/uscc/USAI_Outsourcing/SBIR_fight_videos/ced/v0368_1_010/v0368_1_010,1,0,10,10,,
/home/uscc/USAI_Outsourcing/SBIR_fight_videos/ced/v0369_2_060/v0369_2_060,2,0,12,60,,
/home/uscc/USAI_Outsourcing/SBIR_fight_videos/ced/v0370_2_020/v0370_2_020,2,2,12,20,,
/home/uscc/USAI_Outsourcing/SBIR_fight_videos/ced/v0371_5_080/v0371_5_080,5,0,10,80,,
/home/uscc/USAI_Outsourcing/SBIR_fight_videos/ced/v0372_5_110/v0372_5_110,5,1,10,110,,
/home/uscc/USAI_Outsourcing/SBIR_fight_videos/ced/v0373_1_010/v0373_1_010,1,0,15,10,,
/home/uscc/USAI_Outsourcing/SBIR_fight_videos/ced/v0374_3_060/v0374_3_060,3,1,6,60,,
/home/uscc/USAI_Outsourcing/SBIR_fight_videos/ced/v0375_4_060/v0375_4_060,4,0,13,60,,
/home/uscc/USAI_Outsourcing/SBIR_fight_videos/ced/v0376_0_000/v0376_0_000,0,0,10,0,,
/home/uscc/USAI_Outsourcing/SBIR_fight_videos/ced/v0377_2_030/v0377_2_030,2,2,12,30,,
/home/uscc/USAI_Outsourcing/SBIR_fight_videos/ced/v0378_0_000/v0378_0_000,0,0,6,0,,
/home/uscc/USAI_Outsourcing/SBIR_fight_videos/ced/v0379_4_060/v0379_4_060,4,0,10,60,,
/home/uscc/USAI_Outsourcing/SBIR_fight_videos/ced/v0380_0_000/v0380_0_000,0,0,10,0,,
/home/uscc/USAI_Outsourcing/SBIR_fight_videos/ced/v0381_5_080/v0381_5_080,5,0,12,80,,
/home/uscc/USAI_Outsourcing/SBIR_fight_videos/ced/v0382_0_000/v0382_0_000,0,0,10,0,,
/home/uscc/USAI_Outsourcing/SBIR_fight_videos/ced/v0383_0_000/v0383_0_000,0,0,10,0,,
/home/uscc/USAI_Outsourcing/SBIR_fight_videos/ced/v0384_1_010/v0384_1_010,1,0,13,10,,
/home/uscc/USAI_Outsourcing/SBIR_fight_videos/ced/v0385_2_020/v0385_2_020,2,0,10,20,,
/home/uscc/USAI_Outsourcing/SBIR_fight_videos/ced/v0386_4_060/v0386_4_060,4,0,12,60,,
/home/uscc/USAI_Outsourcing/SBIR_fight_videos/ced/v0387_1_010/v0387_1_010,1,0,15,10,,
/home/uscc/USAI_Outsourcing/SBIR_fight_videos/ced/v0388_1_010/v0388_1_010,1,0,10,10,,
/home/uscc/USAI_Outsourcing/SBIR_fight_videos/ced/v0389_0_000/v0389_0_000,0,0,10,0,,
/home/uscc/USAI_Outsourcing/SBIR_fight_videos/ced/v0390_0_000/v0390_0_000,0,0,10,0,,
/home/uscc/USAI_Outsourcing/SBIR_fight_videos/ced/v0391_0_000/v0391_0_000,0,0,10,0,,
/home/uscc/USAI_Outsourcing/SBIR_fight_videos/ced/v0392_1_010/v0392_1_010,1,0,12,10,,
/home/uscc/USAI_Outsourcing/SBIR_fight_videos/ced/v0393_0_000/v0393_0_000,0,0,10,0,,
/home/uscc/USAI_Outsourcing/SBIR_fight_videos/ced/v0394_1_010/v0394_1_010,1,0,10,10,,
/home/uscc/USAI_Outsourcing/SBIR_fight_videos/ced/v0395_0_000/v0395_0_000,0,0,10,0,,
/home/uscc/USAI_Outsourcing/SBIR_fight_videos/ced/v0396_2_020/v0396_2_020,2,0,10,20,,
/home/uscc/USAI_Outsourcing/SBIR_fight_videos/ced/v0397_4_060/v0397_4_060,4,0,11,60,,
/home/uscc/USAI_Outsourcing/SBIR_fight_videos/ced/v0398_1_010/v0398_1_010,1,0,12,10,,
/home/uscc/USAI_Outsourcing/SBIR_fight_videos/ced/v0399_1_010/v0399_1_010,1,0,12,10,,
/home/uscc/USAI_Outsourcing/SBIR_fight_videos/ced/v0400_2_030/v0400_2_030,2,0,9,30,,
/home/uscc/USAI_Outsourcing/SBIR_fight_videos/ced/v0401_1_010/v0401_1_010,1,0,11,10,,
/home/uscc/USAI_Outsourcing/SBIR_fight_videos/ced/v0402_4_060/v0402_4_060,4,0,15,60,,
/home/uscc/USAI_Outsourcing/SBIR_fight_videos/ced/v0403_3_060/v0403_3_060,3,2,7,60,,
/home/uscc/USAI_Outsourcing/SBIR_fight_videos/ced/v0404_5_080/v0404_5_080,5,3,11,80,,
/home/uscc/USAI_Outsourcing/SBIR_fight_videos/ced/v0405_1_010/v0405_1_010,1,0,15,10,,
/home/uscc/USAI_Outsourcing/SBIR_fight_videos/ced/v0406_1_010/v0406_1_010,1,0,10,10,,
/home/uscc/USAI_Outsourcing/SBIR_fight_videos/ced/v0407_1_010/v0407_1_010,1,0,10,10,,
/home/uscc/USAI_Outsourcing/SBIR_fight_videos/ced/v0408_5_110/v0408_5_110,5,0,10,110,,
/home/uscc/USAI_Outsourcing/SBIR_fight_videos/ced/v0409_1_010/v0409_1_010,1,0,14,10,,
/home/uscc/USAI_Outsourcing/SBIR_fight_videos/ced/v0410_1_010/v0410_1_010,1,0,11,10,,
/home/uscc/USAI_Outsourcing/SBIR_fight_videos/ced/v0411_2_020/v0411_2_020,2,0,10,20,,
/home/uscc/USAI_Outsourcing/SBIR_fight_videos/ced/v0412_3_100/v0412_3_100,3,6,13,100,,
/home/uscc/USAI_Outsourcing/SBIR_fight_videos/ced/v0413_2_030/v0413_2_030,2,0,9,30,,
/home/uscc/USAI_Outsourcing/SBIR_fight_videos/ced/v0414_0_000/v0414_0_000,0,0,10,0,,
/home/uscc/USAI_Outsourcing/SBIR_fight_videos/ced/v0415_5_070/v0415_5_070,5,0,10,70,,
/home/uscc/USAI_Outsourcing/SBIR_fight_videos/ced/v0416_0_000/v0416_0_000,0,0,10,0,,
/home/uscc/USAI_Outsourcing/SBIR_fight_videos/ced/v0417_1_010/v0417_1_010,1,0,10,10,,
/home/uscc/USAI_Outsourcing/SBIR_fight_videos/ced/v0418_5_110/v0418_5_110,5,0,11,110,,
/home/uscc/USAI_Outsourcing/SBIR_fight_videos/ced/v0419_5_170/v0419_5_170,5,0,11,170,,
/home/uscc/USAI_Outsourcing/SBIR_fight_videos/ced/v0420_0_000/v0420_0_000,0,0,10,0,,
/home/uscc/USAI_Outsourcing/SBIR_fight_videos/ced/v0421_1_010/v0421_1_010,1,0,10,10,,
/home/uscc/USAI_Outsourcing/SBIR_fight_videos/ced/v0422_2_030/v0422_2_030,2,0,12,30,,
/home/uscc/USAI_Outsourcing/SBIR_fight_videos/ced/v0423_5_030/v0423_5_030,5,0,12,30,,
/home/uscc/USAI_Outsourcing/SBIR_fight_videos/ced/v0424_1_010/v0424_1_010,1,0,10,10,,
/home/uscc/USAI_Outsourcing/SBIR_fight_videos/ced/v0425_2_030/v0425_2_030,2,0,14,30,,
/home/uscc/USAI_Outsourcing/SBIR_fight_videos/ced/v0426_1_010/v0426_1_010,1,0,14,10,,
/home/uscc/USAI_Outsourcing/SBIR_fight_videos/ced/v0427_2_020/v0427_2_020,2,0,10,20,,
/home/uscc/USAI_Outsourcing/SBIR_fight_videos/ced/v0428_1_010/v0428_1_010,1,0,15,10,,
/home/uscc/USAI_Outsourcing/SBIR_fight_videos/ced/v0429_4_060/v0429_4_060,4,0,10,60,,
/home/uscc/USAI_Outsourcing/SBIR_fight_videos/ced/v0430_5_120/v0430_5_120,5,0,20,120,,
/home/uscc/USAI_Outsourcing/SBIR_fight_videos/ced/v0431_5_110/v0431_5_110,5,12,20,110,,
/home/uscc/USAI_Outsourcing/SBIR_fight_videos/ced/v0432_5_080/v0432_5_080,5,8,16,80,,
/home/uscc/USAI_Outsourcing/SBIR_fight_videos/ced/v0433_1_010/v0433_1_010,1,8,16,10,,
/home/uscc/USAI_Outsourcing/SBIR_fight_videos/ced/v0434_2_020/v0434_2_020,2,0,10,20,,
/home/uscc/USAI_Outsourcing/SBIR_fight_videos/ced/v0435_2_020/v0435_2_020,2,0,11,20,,
/home/uscc/USAI_Outsourcing/SBIR_fight_videos/ced/v0436_3_100/v0436_3_100,3,0,4,100,,
/home/uscc/USAI_Outsourcing/SBIR_fight_videos/ced/v0437_1_010/v0437_1_010,1,0,15,10,,
/home/uscc/USAI_Outsourcing/SBIR_fight_videos/ced/v0438_1_010/v0438_1_010,1,0,11,10,,
/home/uscc/USAI_Outsourcing/SBIR_fight_videos/ced/v0439_2_030/v0439_2_030,2,4,15,30,,
/home/uscc/USAI_Outsourcing/SBIR_fight_videos/ced/v0440_2_020/v0440_2_020,2,0,10,20,,
/home/uscc/USAI_Outsourcing/SBIR_fight_videos/ced/v0441_4_060/v0441_4_060,4,0,15,60,,
/home/uscc/USAI_Outsourcing/SBIR_fight_videos/ced/v0442_5_110/v0442_5_110,5,3,15,110,,
/home/uscc/USAI_Outsourcing/SBIR_fight_videos/ced/v0443_1_010/v0443_1_010,1,0,12,10,,
/home/uscc/USAI_Outsourcing/SBIR_fight_videos/ced/v0444_0_000/v0444_0_000,0,0,10,0,,
/home/uscc/USAI_Outsourcing/SBIR_fight_videos/ced/v0445_2_030/v0445_2_030,2,0,12,30,,
/home/uscc/USAI_Outsourcing/SBIR_fight_videos/ced/v0446_1_010/v0446_1_010,1,0,12,10,,
/home/uscc/USAI_Outsourcing/SBIR_fight_videos/ced/v0447_2_030/v0447_2_030,2,1,7,30,,
/home/uscc/USAI_Outsourcing/SBIR_fight_videos/ced/v0448_6_150/v0448_6_150,6,0,15,150,,
/home/uscc/USAI_Outsourcing/SBIR_fight_videos/ced/v0449_5_080/v0449_5_080,5,0,10,80,,
/home/uscc/USAI_Outsourcing/SBIR_fight_videos/ced/v0450_2_070/v0450_2_070,2,0,14,70,,
/home/uscc/USAI_Outsourcing/SBIR_fight_videos/ced/v0451_2_020/v0451_2_020,2,0,10,20,,
/home/uscc/USAI_Outsourcing/SBIR_fight_videos/ced/v0452_6_150/v0452_6_150,6,0,15,150,,
/home/uscc/USAI_Outsourcing/SBIR_fight_videos/ced/v0453_5_080/v0453_5_080,5,7,11,80,,
/home/uscc/USAI_Outsourcing/SBIR_fight_videos/ced/v0454_6_250/v0454_6_250,6,0,12,250,,
/home/uscc/USAI_Outsourcing/SBIR_fight_videos/ced/v0455_6_150/v0455_6_150,6,0,13,150,,
/home/uscc/USAI_Outsourcing/SBIR_fight_videos/ced/v0456_2_030/v0456_2_030,2,5,11,30,,
/home/uscc/USAI_Outsourcing/SBIR_fight_videos/ced/v0457_2_020/v0457_2_020,2,3,12,20,,
/home/uscc/USAI_Outsourcing/SBIR_fight_videos/ced/v0458_3_060/v0458_3_060,3,0,20,60,,
/home/uscc/USAI_Outsourcing/SBIR_fight_videos/ced/v0459_4_060/v0459_4_060,4,0,16,60,,
/home/uscc/USAI_Outsourcing/SBIR_fight_videos/ced/v0460_5_080/v0460_5_080,5,4,10,80,,
/home/uscc/USAI_Outsourcing/SBIR_fight_videos/ced/v0461_1_020/v0461_1_020,1,0,12,20,,
/home/uscc/USAI_Outsourcing/SBIR_fight_videos/ced/v0462_5_120/v0462_5_120,5,0,13,120,,
/home/uscc/USAI_Outsourcing/SBIR_fight_videos/ced/v0463_1_010/v0463_1_010,1,0,12,10,,
/home/uscc/USAI_Outsourcing/SBIR_fight_videos/ced/v0464_1_010/v0464_1_010,1,0,13,10,,
/home/uscc/USAI_Outsourcing/SBIR_fight_videos/ced/v0465_4_060/v0465_4_060,4,0,10,60,,
/home/uscc/USAI_Outsourcing/SBIR_fight_videos/ced/v0466_2_030/v0466_2_030,2,7,13,30,,
/home/uscc/USAI_Outsourcing/SBIR_fight_videos/ced/v0467_2_020/v0467_2_020,2,0,10,20,,
/home/uscc/USAI_Outsourcing/SBIR_fight_videos/ced/v0468_2_030/v0468_2_030,2,6,14,30,,
/home/uscc/USAI_Outsourcing/SBIR_fight_videos/ced/v0469_1_010/v0469_1_010,1,0,12,10,,
/home/uscc/USAI_Outsourcing/SBIR_fight_videos/ced/v0470_2_020/v0470_2_020,2,5,8,20,,
/home/uscc/USAI_Outsourcing/SBIR_fight_videos/ced/v0471_1_010/v0471_1_010,1,0,12,10,,
/home/uscc/USAI_Outsourcing/SBIR_fight_videos/ced/v0472_2_020/v0472_2_020,2,4,7,20,,
/home/uscc/USAI_Outsourcing/SBIR_fight_videos/ced/v0473_1_010/v0473_1_010,1,0,12,10,,
/home/uscc/USAI_Outsourcing/SBIR_fight_videos/ced/v0474_2_020/v0474_2_020,2,0,14,20,,
/home/uscc/USAI_Outsourcing/SBIR_fight_videos/ced/v0475_2_020/v0475_2_020,2,5,12,20,,
/home/uscc/USAI_Outsourcing/SBIR_fight_videos/ced/v0476_1_010/v0476_1_010,1,0,12,10,,
/home/uscc/USAI_Outsourcing/SBIR_fight_videos/ced/v0477_5_080/v0477_5_080,5,6,14,80,,
/home/uscc/USAI_Outsourcing/SBIR_fight_videos/ced/v0478_5_080/v0478_5_080,5,2,11,80,,
/home/uscc/USAI_Outsourcing/SBIR_fight_videos/ced/v0479_6_200/v0479_6_200,6,4,16,200,,
/home/uscc/USAI_Outsourcing/SBIR_fight_videos/ced/v0480_1_010/v0480_1_010,1,0,11,10,,
/home/uscc/USAI_Outsourcing/SBIR_fight_videos/ced/v0481_5_080/v0481_5_080,5,3,15,80,,
/home/uscc/USAI_Outsourcing/SBIR_fight_videos/ced/v0482_6_210/v0482_6_210,6,4,12,210,,
/home/uscc/USAI_Outsourcing/SBIR_fight_videos/ced/v0483_1_010/v0483_1_010,1,0,11,10,,
/home/uscc/USAI_Outsourcing/SBIR_fight_videos/ced/v0484_2_020/v0484_2_020,2,3,11,20,,
/home/uscc/USAI_Outsourcing/SBIR_fight_videos/ced/v0485_1_010/v0485_1_010,1,0,11,10,,
/home/uscc/USAI_Outsourcing/SBIR_fight_videos/ced/v0486_0_000/v0486_0_000,0,0,10,0,,
/home/uscc/USAI_Outsourcing/SBIR_fight_videos/ced/v0487_5_080/v0487_5_080,5,0,12,80,,
/home/uscc/USAI_Outsourcing/SBIR_fight_videos/ced/v0488_0_000/v0488_0_000,0,0,10,0,,
/home/uscc/USAI_Outsourcing/SBIR_fight_videos/ced/v0489_2_060/v0489_2_060,2,0,12,60,,
/home/uscc/USAI_Outsourcing/SBIR_fight_videos/ced/v0490_1_010/v0490_1_010,1,0,11,10,,
/home/uscc/USAI_Outsourcing/SBIR_fight_videos/ced/v0491_5_110/v0491_5_110,5,0,11,110,,
/home/uscc/USAI_Outsourcing/SBIR_fight_videos/ced/v0492_2_020/v0492_2_020,2,0,10,20,,
/home/uscc/USAI_Outsourcing/SBIR_fight_videos/ced/v0493_4_120/v0493_4_120,4,0,15,120,,
/home/uscc/USAI_Outsourcing/SBIR_fight_videos/ced/v0494_1_010/v0494_1_010,1,0,11,10,,
/home/uscc/USAI_Outsourcing/SBIR_fight_videos/ced/v0495_2_030/v0495_2_030,2,0,12,30,,
/home/uscc/USAI_Outsourcing/SBIR_fight_videos/ced/v0496_0_000/v0496_0_000,0,0,10,0,,
/home/uscc/USAI_Outsourcing/SBIR_fight_videos/ced/v0497_5_080/v0497_5_080,5,0,14,80,,
/home/uscc/USAI_Outsourcing/SBIR_fight_videos/ced/v0498_5_070/v0498_5_070,5,0,20,70,,
/home/uscc/USAI_Outsourcing/SBIR_fight_videos/ced/v0499_4_060/v0499_4_060,4,0,11,60,,
/home/uscc/USAI_Outsourcing/SBIR_fight_videos/ced/v0500_5_070/v0500_5_070,5,0,10,70,,
/home/uscc/USAI_Outsourcing/SBIR_fight_videos/ced/v0501_4_060/v0501_4_060,4,0,12,60,,
/home/uscc/USAI_Outsourcing/SBIR_fight_videos/ced/v0502_4_060/v0502_4_060,4,0,13,60,,
/home/uscc/USAI_Outsourcing/SBIR_fight_videos/ced/v0503_0_000/v0503_0_000,0,0,10,0,,
/home/uscc/USAI_Outsourcing/SBIR_fight_videos/ced/v0504_0_000/v0504_0_000,0,0,10,0,,
/home/uscc/USAI_Outsourcing/SBIR_fight_videos/ced/v0505_2_020/v0505_2_020,2,0,10,20,,
/home/uscc/USAI_Outsourcing/SBIR_fight_videos/ced/v0506_2_090/v0506_2_090,2,2,10,90,,
/home/uscc/USAI_Outsourcing/SBIR_fight_videos/ced/v0507_2_020/v0507_2_020,2,8,12,20,,
/home/uscc/USAI_Outsourcing/SBIR_fight_videos/ced/v0508_2_020/v0508_2_020,2,7,12,20,,
/home/uscc/USAI_Outsourcing/SBIR_fight_videos/ced/v0509_1_010/v0509_1_010,1,0,13,10,,
/home/uscc/USAI_Outsourcing/SBIR_fight_videos/ced/v0510_4_060/v0510_4_060,4,3,12,60,,
/home/uscc/USAI_Outsourcing/SBIR_fight_videos/ced/v0511_5_070/v0511_5_070,5,7,10,70,,
/home/uscc/USAI_Outsourcing/SBIR_fight_videos/ced/v0512_2_030/v0512_2_030,2,3,10,30,,
/home/uscc/USAI_Outsourcing/SBIR_fight_videos/ced/v0513_2_020/v0513_2_020,2,0,11,20,,
/home/uscc/USAI_Outsourcing/SBIR_fight_videos/ced/v0514_5_070/v0514_5_070,5,0,12,70,,
/home/uscc/USAI_Outsourcing/SBIR_fight_videos/ced/v0515_5_070/v0515_5_070,5,3,12,70,,
/home/uscc/USAI_Outsourcing/SBIR_fight_videos/ced/v0516_3_100/v0516_3_100,3,4,12,100,,
/home/uscc/USAI_Outsourcing/SBIR_fight_videos/ced/v0517_0_000/v0517_0_000,0,0,10,0,,
/home/uscc/USAI_Outsourcing/SBIR_fight_videos/ced/v0518_4_060/v0518_4_060,4,0,10,60,,
/home/uscc/USAI_Outsourcing/SBIR_fight_videos/ced/v0519_2_020/v0519_2_020,2,3,7,20,,
/home/uscc/USAI_Outsourcing/SBIR_fight_videos/ced/v0520_0_000/v0520_0_000,0,0,12,0,,
/home/uscc/USAI_Outsourcing/SBIR_fight_videos/ced/v0521_1_010/v0521_1_010,1,0,10,10,,
/home/uscc/USAI_Outsourcing/SBIR_fight_videos/ced/v0522_2_130/v0522_2_130,2,0,12,130,,
/home/uscc/USAI_Outsourcing/SBIR_fight_videos/ced/v0523_6_210/v0523_6_210,6,0,11,210,,
/home/uscc/USAI_Outsourcing/SBIR_fight_videos/ced/v0524_5_070/v0524_5_070,5,0,10,70,,
/home/uscc/USAI_Outsourcing/SBIR_fight_videos/ced/v0525_6_210/v0525_6_210,6,0,12,210,,
/home/uscc/USAI_Outsourcing/SBIR_fight_videos/ced/v0526_6_210/v0526_6_210,6,2,11,210,,
/home/uscc/USAI_Outsourcing/SBIR_fight_videos/ced/v0527_2_030/v0527_2_030,2,0,12,30,,
/home/uscc/USAI_Outsourcing/SBIR_fight_videos/ced/v0528_4_060/v0528_4_060,4,0,12,60,,
/home/uscc/USAI_Outsourcing/SBIR_fight_videos/ced/v0529_0_000/v0529_0_000,0,0,10,0,,
/home/uscc/USAI_Outsourcing/SBIR_fight_videos/ced/v0530_4_010/v0530_4_010,4,0,10,10,,
/home/uscc/USAI_Outsourcing/SBIR_fight_videos/ced/v0531_5_030/v0531_5_030,5,0,10,30,,
/home/uscc/USAI_Outsourcing/SBIR_fight_videos/ced/v0532_5_080/v0532_5_080,5,0,10,80,,
/home/uscc/USAI_Outsourcing/SBIR_fight_videos/ced/v0533_1_010/v0533_1_010,1,0,10,10,,
/home/uscc/USAI_Outsourcing/SBIR_fight_videos/ced/v0534_1_010/v0534_1_010,1,0,10,10,,
/home/uscc/USAI_Outsourcing/SBIR_fight_videos/ced/v0535_0_000/v0535_0_000,0,0,10,0,,
/home/uscc/USAI_Outsourcing/SBIR_fight_videos/ced/v0536_2_020/v0536_2_020,2,0,3,20,,
